"","alpha","q_result7"
"1",0.01,0
"2",0.05,0
"3",0.1,0
"4",0.2,0
"5",0.3,0
"6",0.4,0
"7",0.5,0
"8",0.6,0.303266184943624
"9",0.7,0.92795370344999
"10",0.8,1.77799784874593
"11",0.9,3.09960535895255
"12",0.95,4.86285228326096
"13",0.99,7.77858258693472
