"","alpha","q_result0"
"1",0.01,18.190641447712
"2",0.05,18.190641447712
"3",0.1,18.190641447712
"4",0.2,18.190641447712
"5",0.3,18.190641447712
"6",0.4,18.190641447712
"7",0.5,18.190641447712
"8",0.6,18.190641447712
"9",0.7,18.190641447712
"10",0.8,18.190641447712
"11",0.9,18.190641447712
"12",0.95,18.190641447712
"13",0.99,18.190641447712
