"","alpha","q_result5"
"1",0.01,0
"2",0.05,0
"3",0.1,0
"4",0.2,0
"5",0.3,0
"6",0.4,0
"7",0.5,0
"8",0.6,0.298152429828499
"9",0.7,0.943154970736512
"10",0.8,1.76145459329624
"11",0.9,3.11033232809325
"12",0.95,4.77865364282398
"13",0.99,7.77858258693473
